{
  "num_experiments": 5,
  "seeds_tested": [
    42,
    123,
    456,
    789,
    2024
  ],
  "top1_accuracy": {
    "mean": 0.4241071428571429,
    "std": 0.009982446328124065,
    "min": 0.40848214285714285,
    "max": 0.43526785714285715,
    "values": [
      0.4330357142857143,
      0.4263392857142857,
      0.43526785714285715,
      0.40848214285714285,
      0.4174107142857143
    ]
  },
  "top5_accuracy": {
    "mean": 0.8303571428571429,
    "std": 0.009364364715804934,
    "min": 0.8191964285714286,
    "max": 0.8459821428571429,
    "values": [
      0.8191964285714286,
      0.8459821428571429,
      0.8348214285714286,
      0.828125,
      0.8236607142857143
    ]
  },
  "mean_reciprocal_rank": {
    "mean": 0.5958450741001539,
    "std": 0.006171789804498568,
    "min": 0.5877584868243763,
    "max": 0.6031104336891856,
    "values": [
      0.6005265563726425,
      0.6031104336891856,
      0.5985468764390264,
      0.5892830171755382,
      0.5877584868243763
    ]
  },
  "detailed_results": [
    {
      "seed": 42,
      "num_epochs": 5,
      "top1_accuracy": 0.4330357142857143,
      "top5_accuracy": 0.8191964285714286,
      "mean_reciprocal_rank": 0.6005265563726425,
      "best_val_loss": 1.8864392361470632,
      "train_losses": [
        2.3585864337074836,
        1.9875223778730986,
        1.846657152207482,
        1.7562383981729974,
        1.733883135366124
      ],
      "val_losses": [
        2.148401839392526,
        1.9837187507322855,
        1.9196005665830203,
        1.8910747787782125,
        1.8864392361470632
      ]
    },
    {
      "seed": 123,
      "num_epochs": 5,
      "top1_accuracy": 0.4263392857142857,
      "top5_accuracy": 0.8459821428571429,
      "mean_reciprocal_rank": 0.6031104336891856,
      "best_val_loss": 1.863381496497563,
      "train_losses": [
        2.3616190027716932,
        1.9769054003898672,
        1.8192116685261,
        1.7536154235435637,
        1.722955477158755
      ],
      "val_losses": [
        2.1584512591362,
        1.9824076231036867,
        1.8998022207192011,
        1.8714273699692316,
        1.863381496497563
      ]
    },
    {
      "seed": 456,
      "num_epochs": 5,
      "top1_accuracy": 0.43526785714285715,
      "top5_accuracy": 0.8348214285714286,
      "mean_reciprocal_rank": 0.5985468764390264,
      "best_val_loss": 1.9030582660010882,
      "train_losses": [
        2.37782643804487,
        1.9869214825282824,
        1.8407781100431024,
        1.780793725260046,
        1.7328505902890339
      ],
      "val_losses": [
        2.1800876621689116,
        2.020078594131129,
        1.9425862431526184,
        1.91211499273777,
        1.9030582660010882
      ]
    },
    {
      "seed": 789,
      "num_epochs": 5,
      "top1_accuracy": 0.40848214285714285,
      "top5_accuracy": 0.828125,
      "mean_reciprocal_rank": 0.5892830171755382,
      "best_val_loss": 1.8837619934763228,
      "train_losses": [
        2.3420863317338045,
        1.9848041581791758,
        1.8357138681095957,
        1.7702548969660374,
        1.7298980540787148
      ],
      "val_losses": [
        2.140756900821413,
        1.982742475611823,
        1.9269737579992838,
        1.8928333584751402,
        1.8837619934763228
      ]
    },
    {
      "seed": 2024,
      "num_epochs": 5,
      "top1_accuracy": 0.4174107142857143,
      "top5_accuracy": 0.8236607142857143,
      "mean_reciprocal_rank": 0.5877584868243763,
      "best_val_loss": 1.881145960518292,
      "train_losses": [
        2.3565896441604917,
        1.9951010002995169,
        1.8342639144682726,
        1.774850541392699,
        1.723113374204825
      ],
      "val_losses": [
        2.157495481627328,
        1.9926972282784325,
        1.922692637358393,
        1.8876515137297767,
        1.881145960518292
      ]
    }
  ]
}