{
  "stage1": {
    "final_val_loss": 1.0016942024230957,
    "best_val_loss": 1.0014519691467285,
    "epochs": 2
  },
  "stage2": {
    "final_val_loss": 2.6634621620178223,
    "best_val_loss": 2.6634621620178223,
    "epochs": 5
  },
  "final_metrics": {
    "top1_accuracy": 0.3527360260486603,
    "top5_accuracy": 0.7073734998703003,
    "mrr": 0.5118653774261475
  }
}